email,first_name,subject,body
whjalmarson2@gmail.com,Whjalmarson,We’d love your feedback on Regroup 💬,"Hi Whjalmarson,

I noticed you recently canceled your Regroup subscription, and I just wanted to personally thank you for giving the app a try. Regroup was built to make running sober living homes simpler — helping managers stay organized and residents stay accountable — and your feedback means a lot to us.

If you don’t mind sharing, I’d love to hear why you decided to cancel and what might bring you back. Was something missing, confusing, or buggy? Or is there a feature you wish Regroup had?

Your input helps us improve Regroup for everyone in the recovery community — and we’re already working on updates based on user feedback.

You can just hit “reply” to this email — even a few words would help a lot.

Thank you again for trying Regroup and for the important work you do supporting sober living.

Warm regards,
Marcus Klein
Founder, Regroup
https://regroup-app.com
"
emily@redwoodrecovery.org,Emily,We’d love your feedback on Regroup 💬,"Hi Emily,

I noticed you recently canceled your Regroup subscription, and I just wanted to personally thank you for giving the app a try. Regroup was built to make running sober living homes simpler — helping managers stay organized and residents stay accountable — and your feedback means a lot to us.

If you don’t mind sharing, I’d love to hear why you decided to cancel and what might bring you back. Was something missing, confusing, or buggy? Or is there a feature you wish Regroup had?

Your input helps us improve Regroup for everyone in the recovery community — and we’re already working on updates based on user feedback.

You can just hit “reply” to this email — even a few words would help a lot.

Thank you again for trying Regroup and for the important work you do supporting sober living.

Warm regards,
Marcus Klein
Founder, Regroup
https://regroup-app.com
"
fullarmor.housecoordinator@gmail.com,Fullarmor,We’d love your feedback on Regroup 💬,"Hi Fullarmor,

I noticed you recently canceled your Regroup subscription, and I just wanted to personally thank you for giving the app a try. Regroup was built to make running sober living homes simpler — helping managers stay organized and residents stay accountable — and your feedback means a lot to us.

If you don’t mind sharing, I’d love to hear why you decided to cancel and what might bring you back. Was something missing, confusing, or buggy? Or is there a feature you wish Regroup had?

Your input helps us improve Regroup for everyone in the recovery community — and we’re already working on updates based on user feedback.

You can just hit “reply” to this email — even a few words would help a lot.

Thank you again for trying Regroup and for the important work you do supporting sober living.

Warm regards,
Marcus Klein
Founder, Regroup
https://regroup-app.com
"
loricarhart6@gmail.com,Loricarhart,We’d love your feedback on Regroup 💬,"Hi Loricarhart,

I noticed you recently canceled your Regroup subscription, and I just wanted to personally thank you for giving the app a try. Regroup was built to make running sober living homes simpler — helping managers stay organized and residents stay accountable — and your feedback means a lot to us.

If you don’t mind sharing, I’d love to hear why you decided to cancel and what might bring you back. Was something missing, confusing, or buggy? Or is there a feature you wish Regroup had?

Your input helps us improve Regroup for everyone in the recovery community — and we’re already working on updates based on user feedback.

You can just hit “reply” to this email — even a few words would help a lot.

Thank you again for trying Regroup and for the important work you do supporting sober living.

Warm regards,
Marcus Klein
Founder, Regroup
https://regroup-app.com
"
blongley63@yahoo.com,Blongley,We’d love your feedback on Regroup 💬,"Hi Blongley,

I noticed you recently canceled your Regroup subscription, and I just wanted to personally thank you for giving the app a try. Regroup was built to make running sober living homes simpler — helping managers stay organized and residents stay accountable — and your feedback means a lot to us.

If you don’t mind sharing, I’d love to hear why you decided to cancel and what might bring you back. Was something missing, confusing, or buggy? Or is there a feature you wish Regroup had?

Your input helps us improve Regroup for everyone in the recovery community — and we’re already working on updates based on user feedback.

You can just hit “reply” to this email — even a few words would help a lot.

Thank you again for trying Regroup and for the important work you do supporting sober living.

Warm regards,
Marcus Klein
Founder, Regroup
https://regroup-app.com
"
jnperriman@gmail.com,Jnperriman,We’d love your feedback on Regroup 💬,"Hi Jnperriman,

I noticed you recently canceled your Regroup subscription, and I just wanted to personally thank you for giving the app a try. Regroup was built to make running sober living homes simpler — helping managers stay organized and residents stay accountable — and your feedback means a lot to us.

If you don’t mind sharing, I’d love to hear why you decided to cancel and what might bring you back. Was something missing, confusing, or buggy? Or is there a feature you wish Regroup had?

Your input helps us improve Regroup for everyone in the recovery community — and we’re already working on updates based on user feedback.

You can just hit “reply” to this email — even a few words would help a lot.

Thank you again for trying Regroup and for the important work you do supporting sober living.

Warm regards,
Marcus Klein
Founder, Regroup
https://regroup-app.com
"
1jontoo@gmail.com,Jontoo,We’d love your feedback on Regroup 💬,"Hi Jontoo,

I noticed you recently canceled your Regroup subscription, and I just wanted to personally thank you for giving the app a try. Regroup was built to make running sober living homes simpler — helping managers stay organized and residents stay accountable — and your feedback means a lot to us.

If you don’t mind sharing, I’d love to hear why you decided to cancel and what might bring you back. Was something missing, confusing, or buggy? Or is there a feature you wish Regroup had?

Your input helps us improve Regroup for everyone in the recovery community — and we’re already working on updates based on user feedback.

You can just hit “reply” to this email — even a few words would help a lot.

Thank you again for trying Regroup and for the important work you do supporting sober living.

Warm regards,
Marcus Klein
Founder, Regroup
https://regroup-app.com
"
nicole@recoveryar.org,Nicole,We’d love your feedback on Regroup 💬,"Hi Nicole,

I noticed you recently canceled your Regroup subscription, and I just wanted to personally thank you for giving the app a try. Regroup was built to make running sober living homes simpler — helping managers stay organized and residents stay accountable — and your feedback means a lot to us.

If you don’t mind sharing, I’d love to hear why you decided to cancel and what might bring you back. Was something missing, confusing, or buggy? Or is there a feature you wish Regroup had?

Your input helps us improve Regroup for everyone in the recovery community — and we’re already working on updates based on user feedback.

You can just hit “reply” to this email — even a few words would help a lot.

Thank you again for trying Regroup and for the important work you do supporting sober living.

Warm regards,
Marcus Klein
Founder, Regroup
https://regroup-app.com
"
evolvingdoorsle@gmail.com,Evolvingdoorsle,We’d love your feedback on Regroup 💬,"Hi Evolvingdoorsle,

I noticed you recently canceled your Regroup subscription, and I just wanted to personally thank you for giving the app a try. Regroup was built to make running sober living homes simpler — helping managers stay organized and residents stay accountable — and your feedback means a lot to us.

If you don’t mind sharing, I’d love to hear why you decided to cancel and what might bring you back. Was something missing, confusing, or buggy? Or is there a feature you wish Regroup had?

Your input helps us improve Regroup for everyone in the recovery community — and we’re already working on updates based on user feedback.

You can just hit “reply” to this email — even a few words would help a lot.

Thank you again for trying Regroup and for the important work you do supporting sober living.

Warm regards,
Marcus Klein
Founder, Regroup
https://regroup-app.com
"
whjalmarson@gmail.com,Whjalmarson,We’d love your feedback on Regroup 💬,"Hi Whjalmarson,

I noticed you recently canceled your Regroup subscription, and I just wanted to personally thank you for giving the app a try. Regroup was built to make running sober living homes simpler — helping managers stay organized and residents stay accountable — and your feedback means a lot to us.

If you don’t mind sharing, I’d love to hear why you decided to cancel and what might bring you back. Was something missing, confusing, or buggy? Or is there a feature you wish Regroup had?

Your input helps us improve Regroup for everyone in the recovery community — and we’re already working on updates based on user feedback.

You can just hit “reply” to this email — even a few words would help a lot.

Thank you again for trying Regroup and for the important work you do supporting sober living.

Warm regards,
Marcus Klein
Founder, Regroup
https://regroup-app.com
"
bringitback127@gmail.com,Bringitback,We’d love your feedback on Regroup 💬,"Hi Bringitback,

I noticed you recently canceled your Regroup subscription, and I just wanted to personally thank you for giving the app a try. Regroup was built to make running sober living homes simpler — helping managers stay organized and residents stay accountable — and your feedback means a lot to us.

If you don’t mind sharing, I’d love to hear why you decided to cancel and what might bring you back. Was something missing, confusing, or buggy? Or is there a feature you wish Regroup had?

Your input helps us improve Regroup for everyone in the recovery community — and we’re already working on updates based on user feedback.

You can just hit “reply” to this email — even a few words would help a lot.

Thank you again for trying Regroup and for the important work you do supporting sober living.

Warm regards,
Marcus Klein
Founder, Regroup
https://regroup-app.com
"
kateradrianne@gmail.com,Kateradrianne,We’d love your feedback on Regroup 💬,"Hi Kateradrianne,

I noticed you recently canceled your Regroup subscription, and I just wanted to personally thank you for giving the app a try. Regroup was built to make running sober living homes simpler — helping managers stay organized and residents stay accountable — and your feedback means a lot to us.

If you don’t mind sharing, I’d love to hear why you decided to cancel and what might bring you back. Was something missing, confusing, or buggy? Or is there a feature you wish Regroup had?

Your input helps us improve Regroup for everyone in the recovery community — and we’re already working on updates based on user feedback.

You can just hit “reply” to this email — even a few words would help a lot.

Thank you again for trying Regroup and for the important work you do supporting sober living.

Warm regards,
Marcus Klein
Founder, Regroup
https://regroup-app.com
"
dfcsoberliving@gmail.com,Dfcsoberliving,We’d love your feedback on Regroup 💬,"Hi Dfcsoberliving,

I noticed you recently canceled your Regroup subscription, and I just wanted to personally thank you for giving the app a try. Regroup was built to make running sober living homes simpler — helping managers stay organized and residents stay accountable — and your feedback means a lot to us.

If you don’t mind sharing, I’d love to hear why you decided to cancel and what might bring you back. Was something missing, confusing, or buggy? Or is there a feature you wish Regroup had?

Your input helps us improve Regroup for everyone in the recovery community — and we’re already working on updates based on user feedback.

You can just hit “reply” to this email — even a few words would help a lot.

Thank you again for trying Regroup and for the important work you do supporting sober living.

Warm regards,
Marcus Klein
Founder, Regroup
https://regroup-app.com
"
angelaleg71@icloud.com,Angelaleg,We’d love your feedback on Regroup 💬,"Hi Angelaleg,

I noticed you recently canceled your Regroup subscription, and I just wanted to personally thank you for giving the app a try. Regroup was built to make running sober living homes simpler — helping managers stay organized and residents stay accountable — and your feedback means a lot to us.

If you don’t mind sharing, I’d love to hear why you decided to cancel and what might bring you back. Was something missing, confusing, or buggy? Or is there a feature you wish Regroup had?

Your input helps us improve Regroup for everyone in the recovery community — and we’re already working on updates based on user feedback.

You can just hit “reply” to this email — even a few words would help a lot.

Thank you again for trying Regroup and for the important work you do supporting sober living.

Warm regards,
Marcus Klein
Founder, Regroup
https://regroup-app.com
"
